City_ID,City,Lat,Lng,Max Temp,Humidity,Cloudiness,Wind Speed,Country,Date
0,San Francisco,37.77,-122.42,69.01,60,20,19.46,US,2020-09-02 23:56:49
1,Saint George,37.1,-113.58,99.0,10,1,9.17,US,2020-09-02 23:58:28
2,Muzhi,65.37,64.67,47.48,78,94,18.79,RU,2020-09-02 23:59:07
3,Washington,47.5,-120.5,87.01,27,69,8.01,US,2020-09-02 23:57:01
4,Ilebo,-4.32,20.58,75.24,79,85,1.48,CD,2020-09-02 23:59:08
5,Clyde River,70.47,-68.59,42.8,87,75,14.99,CA,2020-09-02 23:59:08
6,Tuktoyaktuk,69.45,-133.04,50.0,93,75,6.93,CA,2020-09-02 23:59:08
7,Rikitea,-23.12,-134.97,70.09,84,4,17.96,PF,2020-09-02 23:59:09
8,Oltu,40.55,42.0,64.85,55,46,1.32,TR,2020-09-02 23:59:09
9,Leningradskiy,69.38,178.42,36.12,84,99,5.64,RU,2020-09-02 23:59:09
10,Bluff,-46.6,168.33,51.12,65,52,8.23,NZ,2020-09-02 23:59:10
11,Vernon,50.26,-119.27,77.0,31,40,3.36,CA,2020-09-02 23:54:22
12,Erenhot,43.65,111.98,60.3,47,5,2.98,CN,2020-09-02 23:59:10
13,Meulaboh,4.14,96.13,76.71,80,100,3.49,ID,2020-09-02 23:59:10
14,Busselton,-33.65,115.33,59.0,61,95,11.7,AU,2020-09-02 23:59:11
15,Jinchang,38.5,102.17,64.63,28,99,2.71,CN,2020-09-02 23:59:11
16,Rio Grande,-32.03,-52.1,63.0,96,100,3.0,BR,2020-09-02 23:55:49
17,Longyearbyen,78.22,15.64,39.2,86,75,9.17,SJ,2020-09-02 23:59:12
18,Castro,-24.79,-50.01,58.95,95,2,7.38,BR,2020-09-02 23:59:12
19,Sabla,12.75,4.71,75.61,84,65,4.0,NG,2020-09-02 23:59:12
20,Broken Hill,-31.95,141.43,62.6,39,35,11.41,AU,2020-09-02 23:59:12
21,New Norfolk,-42.78,147.06,57.2,58,20,1.12,AU,2020-09-02 23:59:13
22,Mataura,-46.19,168.86,56.35,45,37,3.09,NZ,2020-09-02 23:59:13
23,Atuona,-9.8,-139.03,78.93,78,19,23.73,PF,2020-09-02 23:59:14
24,Mar Del Plata,-38.0,-57.56,46.99,100,90,9.17,AR,2020-09-02 23:57:17
25,Terrasini,38.15,13.08,77.0,65,68,2.24,IT,2020-09-02 23:59:14
26,Acapulco,16.86,-99.89,86.0,70,5,5.82,MX,2020-09-02 23:56:03
27,Ponta Do Sol,32.67,-17.1,71.6,73,40,9.17,PT,2020-09-02 23:59:15
28,Los Llanos De Aridane,28.66,-17.92,71.6,73,4,8.05,ES,2020-09-02 23:59:15
29,Upernavik,72.79,-56.15,38.62,75,71,6.44,GL,2020-09-02 23:59:15
30,Komsomolskiy,40.43,71.72,75.2,44,81,4.7,UZ,2020-09-02 23:59:16
31,Aklavik,68.22,-135.01,50.0,93,90,3.36,CA,2020-09-02 23:59:16
32,Katsuura,35.13,140.3,86.0,84,75,14.99,JP,2020-09-02 23:59:16
33,Kutum,14.2,24.67,70.38,75,99,6.04,SD,2020-09-02 23:59:17
34,Rawson,-43.3,-65.1,54.77,44,83,9.28,AR,2020-09-02 23:59:03
35,Cape Town,-33.93,18.42,60.01,93,75,16.11,ZA,2020-09-02 23:59:17
36,Rio Gallegos,-51.62,-69.22,44.6,56,77,8.05,AR,2020-09-02 23:59:17
37,Lebu,-37.62,-73.65,47.1,79,74,5.91,CL,2020-09-02 23:59:18
38,Hilo,19.73,-155.09,84.2,58,1,10.29,US,2020-09-02 23:59:18
39,Vaini,-21.2,-175.2,71.6,100,90,12.75,TO,2020-09-02 23:59:18
40,Maryborough,-25.53,152.7,74.37,51,44,6.53,AU,2020-09-02 23:59:18
41,Vanavara,60.34,102.28,47.79,91,2,9.48,RU,2020-09-02 23:59:19
42,Gat,31.61,34.76,80.01,75,0,1.9,IL,2020-09-02 23:58:02
43,Pangnirtung,66.15,-65.71,47.21,68,81,8.39,CA,2020-09-02 23:59:19
44,Hermanus,-34.42,19.23,61.0,80,81,5.01,ZA,2020-09-02 23:59:19
45,Hobart,-42.88,147.33,57.2,58,20,1.12,AU,2020-09-02 23:59:20
46,Aykhal,66.0,111.5,51.8,93,90,4.47,RU,2020-09-02 23:59:20
47,Kimbe,-5.55,150.14,88.39,59,11,1.25,PG,2020-09-02 23:59:21
48,Tengzhou,35.08,117.15,68.16,63,0,7.54,CN,2020-09-02 23:59:21
49,Tuatapere,-46.13,167.68,55.92,55,35,3.91,NZ,2020-09-02 23:59:21
50,Hithadhoo,-0.6,73.08,81.86,74,100,11.43,MV,2020-09-02 23:59:21
51,Port Alfred,-33.59,26.89,64.33,69,42,9.01,ZA,2020-09-02 23:59:22
52,Kumano,34.34,132.59,84.2,65,75,11.41,JP,2020-09-02 23:59:22
53,Bubaque,11.28,-15.83,79.39,83,100,18.66,GW,2020-09-02 23:59:22
54,Saskylakh,71.92,114.08,46.18,77,100,7.23,RU,2020-09-02 23:59:23
55,Champerico,14.3,-91.92,86.0,74,40,9.17,GT,2020-09-02 23:59:23
56,Butaritari,3.07,172.79,83.08,74,36,13.87,KI,2020-09-02 23:59:23
57,Albany,42.6,-73.97,73.99,89,98,5.46,US,2020-09-02 23:59:24
58,Barrow,71.29,-156.79,39.2,86,90,18.34,US,2020-09-02 23:59:24
59,San Patricio,19.22,-104.7,87.8,70,20,11.41,MX,2020-09-02 23:59:24
60,East London,-33.02,27.91,64.44,84,54,2.39,ZA,2020-09-02 23:59:24
61,Aiquile,-18.2,-65.18,58.6,61,2,4.63,BO,2020-09-02 23:59:25
62,Yulara,-25.24,130.99,60.8,25,0,1.12,AU,2020-09-02 23:59:25
63,Quatre Cocos,-20.21,57.76,69.01,100,75,3.36,MU,2020-09-02 23:59:25
64,Constitucion,-35.33,-72.42,48.94,83,0,12.44,CL,2020-09-02 23:59:26
65,Georgetown,5.41,100.34,78.8,94,20,5.08,MY,2020-09-02 23:56:39
66,Udachnyy,66.42,112.4,51.8,93,90,4.47,RU,2020-09-02 23:59:26
67,Kahului,20.89,-156.47,89.6,49,40,24.16,US,2020-09-02 23:55:45
68,Touros,-5.2,-35.46,75.2,83,20,5.82,BR,2020-09-02 23:55:32
69,Airai,-8.93,125.41,72.63,41,44,4.59,TL,2020-09-02 23:59:27
70,Kiunga,-6.12,141.29,77.09,94,100,2.66,PG,2020-09-02 23:59:27
71,Sinnamary,5.38,-52.95,79.48,81,48,12.41,GF,2020-09-02 23:59:28
72,Progreso,21.28,-89.67,81.0,83,75,12.75,MX,2020-09-02 23:57:23
73,Bonavista,48.65,-53.11,57.0,71,52,8.99,CA,2020-09-02 23:59:28
74,Nikolskoye,59.7,30.79,55.4,82,66,11.18,RU,2020-09-02 23:59:28
75,Sisophon,13.59,102.97,78.4,87,82,6.96,KH,2020-09-02 23:59:29
76,Sri Aman,1.24,111.46,73.4,100,100,1.12,MY,2020-09-02 23:59:29
77,Lebanon,36.21,-86.29,84.2,70,1,9.17,US,2020-09-02 23:56:52
78,Mahebourg,-20.41,57.7,68.0,100,75,3.36,MU,2020-09-02 23:59:30
79,Vardo,70.37,31.11,57.2,67,100,9.17,NO,2020-09-02 23:59:30
80,Coria,39.99,-6.54,71.01,30,0,5.44,ES,2020-09-02 23:59:31
81,Norman Wells,65.28,-126.83,57.2,71,75,3.36,CA,2020-09-02 23:59:31
82,Gorontalo,0.54,123.06,81.36,77,98,1.5,ID,2020-09-02 23:59:31
83,Severo-Kurilsk,50.68,156.12,57.56,78,100,13.67,RU,2020-09-02 23:59:31
84,Punta Arenas,-53.15,-70.92,41.0,80,40,12.75,CL,2020-09-02 23:58:23
85,Abu Dhabi,24.47,54.37,87.8,79,0,11.41,AE,2020-09-02 23:59:14
86,Kodiak,57.79,-152.41,51.98,83,92,5.35,US,2020-09-02 23:59:32
87,Sur,22.57,59.53,83.23,55,30,2.42,OM,2020-09-02 23:59:32
88,Coahuayana,18.73,-103.68,80.6,83,75,11.41,MX,2020-09-02 23:59:33
89,Port Elizabeth,-33.92,25.57,50.0,71,0,5.82,ZA,2020-09-02 23:59:33
90,Kuryk,43.2,51.65,75.74,40,0,4.65,KZ,2020-09-02 23:59:34
91,Molochnoye,59.29,39.68,45.52,92,34,5.86,RU,2020-09-02 23:59:34
92,Atsipopoulon,35.35,24.43,75.2,64,0,11.41,GR,2020-09-02 23:59:34
93,Cockburn Town,21.46,-71.14,83.68,81,21,20.4,TC,2020-09-02 23:59:35
94,Coro,11.4,-69.67,81.7,77,85,10.07,VE,2020-09-02 23:57:32
95,Rioblanco,3.53,-75.68,64.02,83,68,1.99,CO,2020-09-02 23:59:35
96,Beyneu,45.32,55.2,76.3,30,0,7.65,KZ,2020-09-02 23:59:35
97,Ilo,-17.64,-71.34,59.86,80,76,8.88,PE,2020-09-02 23:59:36
98,Pevek,69.7,170.31,36.82,83,86,8.37,RU,2020-09-02 23:59:36
99,Ushuaia,-54.8,-68.3,37.4,85,90,6.93,AR,2020-09-02 23:59:36
100,Qaanaaq,77.48,-69.36,25.93,81,0,6.67,GL,2020-09-02 23:59:36
101,Galesong,-5.32,119.37,77.0,94,20,3.36,ID,2020-09-02 23:59:37
102,Kupang,-10.17,123.58,84.2,54,20,9.17,ID,2020-09-02 23:58:07
103,Markova,48.68,24.41,54.01,87,96,1.48,UA,2020-09-02 23:59:38
104,Terre-De-Bas,15.85,-61.64,78.8,94,90,3.36,GP,2020-09-02 23:59:38
105,Kenai,60.55,-151.26,52.0,87,90,8.05,US,2020-09-02 23:59:38
106,Hasaki,35.73,140.83,86.0,84,75,14.99,JP,2020-09-02 23:59:38
107,Sao Filipe,14.9,-24.5,77.58,85,89,13.47,CV,2020-09-02 23:59:39
108,Vestmannaeyjar,63.44,-20.27,50.58,89,100,1.9,IS,2020-09-02 23:59:39
109,Kruisfontein,-34.0,24.73,60.01,39,0,1.99,ZA,2020-09-02 23:59:39
110,Mufumbwe,-13.68,24.8,63.9,47,26,8.03,ZM,2020-09-02 23:59:40
111,Severomorsk,69.07,33.42,53.6,66,98,4.47,RU,2020-09-02 23:59:40
112,Karaton,-6.34,106.1,79.0,83,40,5.82,ID,2020-09-02 23:59:40
113,Ust-Kulom,61.69,53.69,37.54,92,15,5.32,RU,2020-09-02 23:59:40
114,Diffa,13.32,12.61,80.8,72,62,2.1,NE,2020-09-02 23:59:41
115,Kaitangata,-46.28,169.85,55.0,52,13,5.01,NZ,2020-09-02 23:59:41
116,Asau,46.43,26.4,62.01,93,95,3.15,RO,2020-09-02 23:59:41
117,Nabire,-3.37,135.48,79.09,77,99,1.9,ID,2020-09-02 23:59:42
118,Avarua,-21.21,-159.78,80.6,74,2,13.87,CK,2020-09-02 23:59:42
119,Baile Govora,45.08,24.18,63.66,63,91,3.09,RO,2020-09-02 23:59:42
120,Umm Kaddadah,13.6,26.69,80.74,56,97,5.93,SD,2020-09-02 23:59:43
121,Puerto Ayora,-0.74,-90.35,66.99,87,80,3.0,EC,2020-09-02 23:59:43
122,Launceston,-41.45,147.17,53.6,81,75,18.34,AU,2020-09-02 23:59:43
123,Omboue,-1.57,9.26,73.36,86,69,6.76,GA,2020-09-02 23:59:43
124,Tabory,58.52,64.55,42.08,87,1,8.97,RU,2020-09-02 23:59:44
125,Berbera,10.44,45.01,90.1,50,3,8.57,SO,2020-09-02 23:59:44
126,Vila Franca Do Campo,37.72,-25.43,73.4,73,75,5.82,PT,2020-09-02 23:59:44
127,Port Hardy,50.7,-127.42,62.6,77,20,11.41,CA,2020-09-02 23:59:44
128,Krasnoselkup,65.7,82.47,42.51,86,100,7.36,RU,2020-09-02 23:59:45
129,Akhmeta,42.03,45.21,71.6,73,40,3.36,GE,2020-09-02 23:59:45
130,Dedza,-14.38,34.33,53.62,100,12,4.59,MW,2020-09-02 23:59:45
131,Bhuban,20.88,85.83,78.19,81,19,1.81,IN,2020-09-02 23:59:46
132,Hearst,49.68,-83.67,57.22,72,56,8.34,CA,2020-09-02 23:59:46
133,Walvis Bay,-22.96,14.51,52.0,61,0,2.24,NA,2020-09-02 23:59:46
134,Kapaa,22.08,-159.32,84.2,66,1,9.17,US,2020-09-02 23:59:46
135,Olafsvik,64.89,-23.71,46.15,77,98,30.94,IS,2020-09-02 23:59:47
136,Wagar,16.15,36.2,85.53,58,95,12.53,SD,2020-09-02 23:59:47
137,Bredasdorp,-34.53,20.04,60.8,72,63,12.75,ZA,2020-09-02 23:59:47
138,Tasiilaq,65.61,-37.64,41.0,65,100,5.82,GL,2020-09-02 23:59:48
139,Tarrafal,15.28,-23.77,78.8,83,75,18.34,CV,2020-09-02 23:59:48
140,Abashiri,44.02,144.27,73.4,64,20,17.22,JP,2020-09-02 23:59:48
141,Krasnogorsk,55.82,37.32,59.0,76,14,8.95,RU,2020-09-02 23:59:49
142,Manakara,-22.13,48.02,65.17,82,100,11.01,MG,2020-09-02 23:59:49
143,Hamilton,39.18,-84.53,79.0,74,90,5.82,US,2020-09-02 23:56:02
144,Ludvika,60.15,15.19,52.0,93,98,1.12,SE,2020-09-02 23:59:49
145,Carnarvon,-24.87,113.63,55.4,93,0,6.93,AU,2020-09-02 23:59:50
146,Koumac,-20.57,164.28,73.18,49,0,6.51,NC,2020-09-02 23:59:50
147,Noumea,-22.28,166.46,73.4,46,32,18.34,NC,2020-09-02 23:59:50
148,Hofn,64.25,-15.21,50.58,78,100,19.98,IS,2020-09-02 23:59:51
149,Saint-Pierre,-21.34,55.48,66.2,72,20,5.82,RE,2020-09-02 23:59:51
150,Burnie,-41.07,145.92,54.0,91,57,15.99,AU,2020-09-02 23:59:51
151,Bandarbeyla,9.49,50.81,77.85,73,63,22.08,SO,2020-09-02 23:59:52
152,Baltiysk,54.65,19.91,59.0,100,75,6.71,RU,2020-09-02 23:59:52
153,North Bend,43.41,-124.22,77.0,82,20,12.75,US,2020-09-02 23:59:52
154,Shahrud,36.42,54.98,55.29,40,0,2.59,IR,2020-09-02 23:59:52
155,Berlevag,70.86,29.09,53.67,70,99,17.47,NO,2020-09-02 23:59:53
156,Basco,20.45,121.97,84.31,80,100,17.49,PH,2020-09-02 23:59:53
157,Nanortalik,60.14,-45.24,43.48,67,31,6.15,GL,2020-09-02 23:59:53
158,Kangaatsiaq,68.31,-53.46,40.75,83,90,3.11,GL,2020-09-02 23:59:54
159,Dikson,73.51,80.55,40.84,84,0,9.6,RU,2020-09-02 23:59:54
160,Pimentel,-6.84,-79.93,60.57,84,12,15.3,PE,2020-09-02 23:59:54
161,Dumas,35.87,-101.97,82.99,54,1,9.17,US,2020-09-02 23:56:48
162,Grand Gaube,-20.01,57.66,69.01,84,8,9.37,MU,2020-09-02 23:59:55
163,Ahipara,-35.17,173.17,56.75,63,22,16.51,NZ,2020-09-02 23:59:55
164,Mount Gambier,-37.83,140.77,51.8,93,90,17.22,AU,2020-09-02 23:59:56
165,Necochea,-38.55,-58.74,46.99,93,100,6.02,AR,2020-09-02 23:59:56
166,Yellowknife,62.46,-114.35,55.4,47,40,17.22,CA,2020-09-02 23:59:01
167,Torun,53.01,18.6,54.0,100,46,6.93,PL,2020-09-02 23:59:56
168,Oistins,13.07,-59.53,82.4,78,75,8.05,BB,2020-09-02 23:59:57
169,Lucapa,-8.42,20.74,72.81,65,1,2.66,AO,2020-09-02 23:59:57
170,Falmouth,50.15,-5.07,62.6,100,90,9.17,GB,2020-09-02 23:59:57
171,Arcata,40.87,-124.08,64.0,82,90,5.82,US,2020-09-02 23:56:23
172,Hovd,48.01,91.64,58.8,38,0,1.45,MN,2020-09-02 23:59:58
173,Jamestown,42.1,-79.24,72.0,83,90,8.05,US,2020-09-02 23:59:38
174,Pathein,16.78,94.73,78.26,91,69,2.21,MM,2020-09-02 23:59:58
175,Dharchula,29.85,80.53,65.86,73,34,1.3,IN,2020-09-02 23:59:59
176,Ancud,-41.87,-73.82,48.0,92,99,1.99,CL,2020-09-02 23:55:32
177,Curup,-3.47,102.53,69.76,90,100,2.37,ID,2020-09-02 23:59:59
178,Los Andes,-32.83,-70.6,55.4,62,10,9.17,CL,2020-09-03 00:00:00
179,Nakambala,-15.83,27.78,61.99,66,0,10.67,ZM,2020-09-03 00:00:01
180,Nome,64.5,-165.41,50.0,66,75,18.34,US,2020-09-02 23:58:25
181,Ranong,9.97,98.63,77.0,100,20,1.66,TH,2020-09-03 00:00:02
182,Arica,-18.48,-70.3,60.01,77,90,8.05,CL,2020-09-02 23:57:39
183,Srednekolymsk,67.45,153.68,45.14,64,72,8.84,RU,2020-09-03 00:00:05
184,Shingu,33.73,135.98,82.4,88,75,18.34,JP,2020-09-03 00:00:05
185,Cabo San Lucas,22.89,-109.91,88.0,70,40,9.17,MX,2020-09-02 23:59:32
186,Maniitsoq,65.42,-52.9,44.15,61,81,10.04,GL,2020-09-03 00:00:09
187,Khatanga,71.97,102.5,46.24,70,100,17.31,RU,2020-09-03 00:00:11
188,Katherine,-14.47,132.27,82.4,61,29,6.93,AU,2020-09-03 00:00:12
189,Arraial Do Cabo,-22.97,-42.03,70.74,89,0,17.96,BR,2020-09-03 00:00:12
190,Lagoa,39.05,-27.98,73.08,80,79,4.94,PT,2020-09-03 00:00:13
191,Tak Bai,6.26,102.05,75.2,94,20,2.24,TH,2020-09-03 00:00:13
192,Maragogi,-9.01,-35.22,72.66,80,45,9.66,BR,2020-09-03 00:00:14
193,Botwood,49.15,-55.35,57.0,77,66,9.08,CA,2020-09-03 00:00:14
194,Mikhaylovka,50.06,43.24,64.99,58,0,10.0,RU,2020-09-03 00:00:15
195,Lonevag,60.53,5.49,61.0,67,37,31.09,NO,2020-09-03 00:00:15
196,Talnakh,69.49,88.4,32.0,66,90,4.47,RU,2020-09-03 00:00:16
197,Maldonado,-34.67,-54.92,54.0,100,90,8.05,UY,2020-09-03 00:00:16
198,Cabedelo,-6.98,-34.83,73.4,94,75,8.05,BR,2020-09-03 00:00:17
199,Sabzevar,36.21,57.68,63.37,29,0,6.38,IR,2020-09-03 00:00:17
200,Mujiayingzi,42.12,118.78,59.4,65,15,14.72,CN,2020-09-03 00:00:18
201,Royan,45.63,-1.03,59.0,77,0,4.7,FR,2020-09-03 00:00:18
202,Viedma,-40.81,-63.0,48.99,58,17,3.0,AR,2020-09-03 00:00:18
203,Thompson,55.74,-97.86,53.6,62,75,8.05,CA,2020-09-02 23:55:24
204,Kununurra,-15.77,128.73,78.8,51,8,4.7,AU,2020-09-03 00:00:19
205,Cherskiy,68.75,161.3,45.25,58,5,10.07,RU,2020-09-03 00:00:20
206,Batken,39.83,71.0,53.56,51,75,1.05,KG,2020-09-03 00:00:20
207,Anlu,31.17,112.58,75.45,63,0,3.06,CN,2020-09-03 00:00:21
208,Vidalia,32.22,-82.41,86.0,66,1,4.47,US,2020-09-03 00:00:21
209,Winton,37.39,-120.61,93.2,28,1,12.75,US,2020-09-03 00:00:22
210,Souillac,-20.52,57.52,68.0,100,75,3.36,MU,2020-09-03 00:00:22
211,Provideniya,64.38,-173.3,50.0,61,75,11.18,RU,2020-09-03 00:00:23
212,Tiksi,71.69,128.87,40.59,81,8,14.03,RU,2020-09-03 00:00:23
213,Dunedin,-45.87,170.5,54.0,61,0,3.0,NZ,2020-09-03 00:00:24
214,Luderitz,-26.65,15.16,54.46,59,0,7.43,NA,2020-09-03 00:00:24
215,Richards Bay,-28.78,32.04,63.52,70,26,18.92,ZA,2020-09-03 00:00:25
216,Beloha,-25.17,45.05,55.15,76,10,6.4,MG,2020-09-03 00:00:25
217,Portland,45.52,-122.68,91.99,33,1,13.87,US,2020-09-02 23:55:48
218,Khani,41.96,42.96,71.6,94,100,1.12,GE,2020-09-03 00:00:26
219,Villamontes,-21.25,-63.5,56.95,53,0,2.06,BO,2020-09-03 00:00:26
220,Carauari,-4.88,-66.9,77.72,82,77,1.74,BR,2020-09-03 00:00:26
221,Mamallapuram,12.63,80.17,80.6,88,90,7.94,IN,2020-09-03 00:00:27
222,Cacador,-26.78,-51.02,61.09,88,0,7.52,BR,2020-09-03 00:00:27
223,Chicama,-7.84,-79.15,60.22,81,15,7.14,PE,2020-09-03 00:00:27
224,Saint-Philippe,-21.36,55.77,66.2,72,20,5.82,RE,2020-09-03 00:00:28
225,Alofi,-19.06,-169.92,82.4,74,90,10.29,NU,2020-09-03 00:00:28
226,Mahibadhoo,3.78,72.97,80.29,81,100,17.74,MV,2020-09-03 00:00:29
227,Alice Springs,-23.7,133.88,75.2,19,0,8.05,AU,2020-09-02 23:56:49
228,Terra Santa,-2.1,-56.49,82.2,51,0,3.15,BR,2020-09-03 00:00:29
229,Sorong,-0.88,131.25,80.38,80,100,0.65,ID,2020-09-03 00:00:30
230,Tual,-5.67,132.75,79.52,83,96,21.0,ID,2020-09-03 00:00:30
231,Aripuana,-9.17,-60.63,85.51,33,65,1.86,BR,2020-09-03 00:00:31
232,Paamiut,61.99,-49.67,44.47,68,26,10.22,GL,2020-09-03 00:00:31
233,Faanui,-16.48,-151.75,77.83,78,69,18.52,PF,2020-09-03 00:00:32
234,San-Pedro,4.75,-6.64,73.69,93,40,5.32,CI,2020-09-03 00:00:32
235,Tevaitoa,-16.78,-151.5,78.39,77,52,18.3,PF,2020-09-03 00:00:32
236,Deputatskiy,69.3,139.9,36.41,82,88,8.25,RU,2020-09-03 00:00:33
237,Ribeira Grande,38.52,-28.7,73.53,81,95,7.49,PT,2020-09-03 00:00:33
238,Cidreira,-30.18,-50.21,63.07,89,1,21.39,BR,2020-09-03 00:00:34
239,Skjervoy,70.03,20.97,53.73,73,100,4.0,NO,2020-09-03 00:00:34
240,Manokwari,-0.87,134.08,80.94,76,100,9.73,ID,2020-09-03 00:00:35
241,Verkhniy Avzyan,53.53,57.54,41.18,93,2,4.54,RU,2020-09-03 00:00:35
242,Aksarka,66.56,67.8,40.89,91,38,8.66,RU,2020-09-03 00:00:35
243,Namibe,-15.2,12.15,63.64,81,2,2.42,AO,2020-09-03 00:00:35
244,Mayo,38.89,-76.51,82.99,94,20,10.29,US,2020-09-03 00:00:36
245,Bilma,18.69,12.92,93.34,30,38,8.5,NE,2020-09-03 00:00:37
246,Hillsborough,37.57,-122.38,73.99,60,20,19.46,US,2020-09-03 00:00:38
247,Ballina,-28.87,153.57,71.01,68,75,5.82,AU,2020-09-03 00:00:38
248,Araouane,18.9,-3.53,92.5,41,18,15.1,ML,2020-09-03 00:00:38
249,Flinders,-34.58,150.86,73.0,50,22,11.99,AU,2020-09-03 00:00:38
250,Ilulissat,69.22,-51.1,42.8,70,100,8.05,GL,2020-09-03 00:00:39
251,Severomuysk,56.15,113.43,49.39,75,95,2.73,RU,2020-09-03 00:00:39
252,Broome,42.25,-75.83,73.99,94,75,8.05,US,2020-09-03 00:00:40
253,Half Moon Bay,37.46,-122.43,75.0,77,40,10.29,US,2020-09-02 23:56:00
254,Batabano,22.72,-82.29,75.2,100,75,4.7,CU,2020-09-03 00:00:40
255,Sillanwali,31.83,72.54,80.1,79,17,3.44,PK,2020-09-03 00:00:40
256,Okha,53.57,142.95,58.73,84,100,3.38,RU,2020-09-03 00:00:41
257,Caravelas,-17.71,-39.25,71.19,86,36,9.19,BR,2020-09-03 00:00:41
258,Bambous Virieux,-20.34,57.76,69.01,100,75,3.36,MU,2020-09-03 00:00:41
259,Sabang,5.89,95.32,82.81,69,100,7.52,ID,2020-09-03 00:00:42
260,Tatarsk,55.22,75.98,60.15,81,79,16.89,RU,2020-09-03 00:00:42
261,Lufilufi,-13.87,-171.6,77.0,94,90,4.7,WS,2020-09-03 00:00:42
262,Athabasca,54.72,-113.29,60.46,58,39,13.67,CA,2020-09-02 23:59:34
263,Tobane,-21.95,27.9,53.62,94,2,9.04,BW,2020-09-03 00:00:43
264,Faizabad,26.78,82.13,77.94,94,87,4.63,IN,2020-09-03 00:00:43
265,Zyryanka,65.75,150.85,49.6,51,0,1.83,RU,2020-09-03 00:00:44
266,Sao Joao Da Barra,-21.64,-41.05,71.58,86,0,8.9,BR,2020-09-02 23:57:34
267,Sfantu Gheorghe,45.87,25.78,64.0,79,100,0.43,RO,2020-09-03 00:00:44
268,Road Town,18.42,-64.62,84.0,84,13,13.0,VG,2020-09-02 23:58:08
269,Puerto Del Rosario,28.5,-13.86,73.4,88,40,11.41,ES,2020-09-03 00:00:45
270,Tateyama,34.98,139.87,86.0,84,75,14.99,JP,2020-09-03 00:00:46
271,Newala,-10.94,39.28,62.53,100,61,3.85,TZ,2020-09-03 00:00:46
272,New Castle,41.0,-80.35,77.0,73,1,6.93,US,2020-09-02 23:58:49
273,Sola,-13.88,167.55,78.82,81,87,28.92,VU,2020-09-03 00:00:46
274,Otacilio Costa,-27.48,-50.12,58.82,93,94,6.51,BR,2020-09-03 00:00:47
275,Buzdyak,54.58,54.55,43.79,86,1,6.71,RU,2020-09-03 00:00:47
276,Avera,33.19,-82.53,86.0,84,1,4.7,US,2020-09-03 00:00:48
277,Morgan City,29.7,-91.21,88.0,74,40,6.93,US,2020-09-03 00:00:48
278,Kokopo,-4.35,152.26,84.34,64,12,3.29,PG,2020-09-03 00:00:49
279,Codrington,-38.27,141.97,53.8,79,18,20.42,AU,2020-09-03 00:00:49
280,Geraldton,-28.77,114.6,50.0,93,86,10.29,AU,2020-09-03 00:00:50
281,Wau,7.7,28.0,70.18,98,97,4.34,SS,2020-09-03 00:00:50
282,Houma,29.6,-90.72,89.6,62,1,5.82,US,2020-09-03 00:00:50
283,Poronaysk,49.22,143.12,63.57,93,100,0.94,RU,2020-09-03 00:00:51
284,Iquique,-20.22,-70.14,59.0,77,20,12.75,CL,2020-09-02 23:56:01
285,Marshfield,44.67,-90.17,73.4,40,1,8.05,US,2020-09-03 00:00:32
286,General Bravo,25.8,-99.17,99.01,31,99,17.83,MX,2020-09-03 00:00:51
287,Uromi,6.7,6.33,69.19,100,79,5.23,NG,2020-09-03 00:00:52
288,Kedrovyy,56.17,91.82,55.4,93,40,2.24,RU,2020-09-03 00:00:52
289,Naryan-Mar,67.67,53.09,43.05,85,63,7.58,RU,2020-09-03 00:00:52
290,Bathsheba,13.22,-59.52,82.4,78,75,8.05,BB,2020-09-03 00:00:52
291,Cairns,-16.92,145.77,81.0,65,90,11.41,AU,2020-09-03 00:00:53
292,Manhattan,40.78,-73.97,80.01,83,1,8.05,US,2020-09-02 23:59:51
293,Allentown,40.61,-75.49,80.6,83,40,4.7,US,2020-09-03 00:00:37
294,Vigrestad,58.57,5.7,57.0,93,31,4.0,NO,2020-09-03 00:00:54
295,Chalchihuites,23.48,-103.88,69.08,60,45,2.59,MX,2020-09-03 00:00:54
296,Zharkent,44.16,80.0,68.76,44,0,2.28,KZ,2020-09-03 00:00:54
297,Hun,29.13,15.95,81.28,27,0,11.43,LY,2020-09-03 00:00:54
298,Lorengau,-2.02,147.27,85.64,65,71,4.21,PG,2020-09-03 00:00:55
299,Jiexiu,37.02,111.91,67.06,39,0,3.78,CN,2020-09-03 00:00:55
300,Fresnillo,23.17,-102.88,75.2,53,75,23.04,MX,2020-09-03 00:00:55
301,Constantine,36.37,6.61,64.4,82,40,5.82,DZ,2020-09-03 00:00:56
302,Vestmanna,62.16,-7.17,51.8,100,82,11.41,FO,2020-09-03 00:00:56
303,Kushmurun,52.45,64.63,55.87,62,90,18.5,KZ,2020-09-03 00:00:56
304,Syamzha,60.02,41.06,43.97,94,39,3.22,RU,2020-09-03 00:00:57
305,Verkhnevilyuysk,63.45,120.32,53.69,92,100,7.65,RU,2020-09-03 00:00:57
306,Kantunilkin,21.09,-87.45,87.01,70,97,10.0,MX,2020-09-03 00:00:57
307,Martapura,-3.42,114.85,77.0,94,40,5.82,ID,2020-09-03 00:00:58
308,Primorsk,46.73,36.34,73.96,48,0,9.55,UA,2020-09-03 00:00:58
309,Lesozavodsk,45.48,133.42,69.67,92,100,9.75,RU,2020-09-03 00:00:59
310,Antofagasta,-23.65,-70.4,55.4,82,20,10.29,CL,2020-09-03 00:00:17
311,Pisco,-13.7,-76.22,63.0,77,2,13.87,PE,2020-09-03 00:00:59
312,Chokwe,-24.53,32.98,58.82,82,0,3.47,MZ,2020-09-03 00:01:00
313,Namatanai,-3.67,152.43,85.5,65,1,3.29,PG,2020-09-03 00:01:01
314,Dubbo,-32.25,148.62,71.6,46,0,24.16,AU,2020-09-03 00:01:01
315,Esperance,-33.87,121.9,46.4,93,68,11.41,AU,2020-09-03 00:00:10
316,Hargeysa,9.56,44.06,71.1,61,17,21.54,SO,2020-09-03 00:01:02
317,Umkomaas,-30.21,30.8,64.0,74,16,1.99,ZA,2020-09-03 00:01:02
318,Independence,39.09,-94.42,82.4,51,1,4.7,US,2020-09-03 00:01:02
319,Kipini,-2.53,40.53,75.88,77,10,14.7,KE,2020-09-03 00:01:02
320,Ostrovnoy,68.05,39.51,50.32,79,100,17.98,RU,2020-09-03 00:01:03
321,Victoria,22.29,114.16,88.0,79,43,5.91,HK,2020-09-03 00:00:42
322,Abramovka,51.19,41.02,62.58,69,0,14.43,RU,2020-09-03 00:01:03
323,Nyaunglebin,17.95,96.73,76.15,93,40,1.83,MM,2020-09-03 00:01:04
324,Collie,-33.37,116.15,59.0,60,84,7.54,AU,2020-09-03 00:01:04
325,Inongo,-1.95,18.27,70.88,81,66,4.61,CD,2020-09-03 00:01:04
326,Nchelenge,-9.35,28.73,73.71,41,10,13.98,ZM,2020-09-03 00:01:05
327,Fairbanks,64.84,-147.72,57.2,62,40,2.33,US,2020-09-02 23:57:12
328,Jega,12.22,4.38,75.63,89,87,5.03,NG,2020-09-03 00:01:05
329,Sioux Lookout,50.1,-91.92,60.8,63,75,6.93,CA,2020-09-03 00:01:05
330,Sauk Rapids,45.59,-94.17,77.0,38,1,8.05,US,2020-09-03 00:01:06
331,Baillif,16.02,-61.75,78.8,94,90,3.36,GP,2020-09-03 00:01:06
332,Bijapur,16.83,75.7,75.65,82,100,8.41,IN,2020-09-03 00:01:07
333,Achinsk,56.27,90.5,58.5,91,100,12.84,RU,2020-09-02 23:57:17
334,Ixtapa,20.7,-105.2,89.6,66,75,6.93,MX,2020-09-02 23:58:34
335,Coquimbo,-29.95,-71.34,53.6,81,0,12.75,CL,2020-09-03 00:01:07
336,Lavrentiya,65.58,-171.0,41.31,74,100,7.78,RU,2020-09-03 00:01:08
337,Kargasok,59.06,80.86,52.47,97,100,14.14,RU,2020-09-03 00:01:08
338,Sitka,57.05,-135.33,53.6,93,90,6.93,US,2020-09-03 00:01:09
339,Morondava,-20.28,44.28,72.37,62,7,10.25,MG,2020-09-03 00:01:09
340,Parkes,-33.13,148.18,66.99,54,53,5.01,AU,2020-09-03 00:00:01
341,Kampot,10.62,104.18,78.8,88,40,8.72,KH,2020-09-03 00:01:09
342,Okato,-39.2,173.88,53.01,47,3,20.0,NZ,2020-09-03 00:01:10
343,Ken Caryl,39.58,-105.12,90.0,21,0,4.88,US,2020-09-03 00:01:10
344,Hambantota,6.12,81.12,79.81,80,94,13.73,LK,2020-09-03 00:01:11
345,Churapcha,62.0,132.43,56.98,74,18,4.88,RU,2020-09-03 00:01:11
346,Adrar,20.5,-10.07,86.79,44,93,10.0,MR,2020-09-03 00:01:12
347,Ornskoldsvik,63.29,18.72,44.6,100,90,4.7,SE,2020-09-03 00:01:12
348,Korla,41.76,86.15,73.99,77,46,4.9,CN,2020-09-03 00:01:12
349,Oranjestad,12.52,-70.03,84.2,79,40,11.41,AW,2020-09-03 00:01:13
350,Arroyo,41.61,-4.8,62.01,54,0,9.17,ES,2020-09-03 00:01:13
351,San Luis,-33.3,-66.34,49.93,48,0,10.45,AR,2020-09-03 00:01:05
352,Burns Lake,54.23,-125.75,59.9,49,100,7.09,CA,2020-09-03 00:00:05
353,Seaham,54.84,-1.35,57.99,93,99,4.0,GB,2020-09-03 00:01:14
354,Ayan,56.45,138.17,52.68,90,99,3.94,RU,2020-09-03 00:01:14
355,Riviere-Au-Renard,49.0,-64.4,64.4,68,75,11.41,CA,2020-09-03 00:01:14
356,Ekibastuz,51.67,75.37,70.23,36,0,14.09,KZ,2020-09-03 00:01:15
357,Praia Da Vitoria,38.73,-27.07,72.0,83,20,5.48,PT,2020-09-03 00:01:15
358,Vicam,27.63,-110.28,96.01,55,40,16.11,MX,2020-09-03 00:01:15
359,Gimli,50.63,-96.99,57.0,99,100,5.28,CA,2020-09-03 00:01:15
360,Cayenne,4.93,-52.33,80.6,78,1,4.7,GF,2020-09-03 00:01:16
361,Kaspiyskiy,45.39,47.37,72.9,50,0,5.28,RU,2020-09-03 00:01:16
362,Provost,52.35,-110.27,59.47,53,58,19.57,CA,2020-09-03 00:01:17
363,Saint Anthony,45.02,-93.22,80.6,29,1,8.05,US,2020-09-03 00:01:17
364,Inyonga,-6.72,32.07,61.23,51,5,4.45,TZ,2020-09-03 00:01:17
365,Waipawa,-41.41,175.52,53.01,61,2,16.11,NZ,2020-09-03 00:01:17
366,That Phanom,16.94,104.71,78.96,87,32,2.44,TH,2020-09-03 00:01:18
367,Teknaf,20.86,92.31,77.54,85,34,3.47,BD,2020-09-03 00:01:18
368,Duncan,34.5,-97.96,82.4,69,75,10.29,US,2020-09-03 00:00:09
369,Okitipupa,6.5,4.78,72.77,98,98,2.15,NG,2020-09-03 00:01:19
370,Laplace,30.07,-90.48,91.4,59,90,3.36,US,2020-09-03 00:01:19
371,Christchurch,-43.53,172.63,57.0,50,0,3.36,NZ,2020-09-02 23:58:17
372,Tromso,69.65,18.96,50.0,87,75,17.22,NO,2020-09-03 00:01:20
373,Ler,8.3,30.14,71.64,93,98,4.23,SS,2020-09-03 00:01:20
374,Conde,-7.26,-34.91,73.4,94,75,8.05,BR,2020-09-03 00:01:21
375,Kismayo,-0.36,42.55,76.01,75,6,12.33,SO,2020-09-03 00:01:21
376,Sompeta,18.93,84.6,81.07,78,100,2.66,IN,2020-09-03 00:01:21
377,Shimoda,34.67,138.95,80.6,94,75,8.05,JP,2020-09-03 00:01:21
378,Arlit,18.74,7.39,94.39,29,17,9.86,NE,2020-09-03 00:01:22
379,Santa Fe,-31.63,-60.7,50.0,90,95,13.0,AR,2020-09-02 23:57:28
380,Calama,-22.47,-68.93,59.0,8,0,14.99,CL,2020-09-03 00:00:38
381,Salinopolis,-0.61,-47.36,79.61,82,3,13.15,BR,2020-09-03 00:01:23
382,Tautira,-17.73,-149.15,86.0,62,40,9.17,PF,2020-09-03 00:01:23
383,Ulaangom,49.98,92.07,57.15,61,0,2.84,MN,2020-09-03 00:01:23
384,Bethel,41.37,-73.41,73.99,96,93,5.28,US,2020-09-03 00:01:23
385,Bacolod,10.67,122.95,83.14,74,97,1.14,PH,2020-09-03 00:01:24
386,Zaraza,9.35,-65.32,73.08,97,100,7.18,VE,2020-09-03 00:01:06
387,Tabou,4.42,-7.35,75.0,89,42,7.43,CI,2020-09-03 00:01:24
388,Narsaq,60.92,-46.05,46.4,45,12,2.24,GL,2020-09-03 00:01:25
389,Husavik,66.04,-17.34,42.8,87,75,10.29,IS,2020-09-03 00:01:25
390,Inhambane,-23.86,35.38,63.82,71,72,7.85,MZ,2020-09-03 00:01:26
391,Salinas,36.68,-121.66,70.0,60,1,14.99,US,2020-09-02 23:57:27
392,Quibdo,5.69,-76.66,84.2,74,40,5.82,CO,2020-09-03 00:01:26
393,Agua Verde,22.9,-106.05,87.01,74,40,10.29,MX,2020-09-03 00:01:27
394,Fort Morgan,40.25,-103.8,91.4,10,1,6.93,US,2020-09-03 00:01:27
395,Marawi,8.0,124.29,79.0,81,78,4.0,PH,2020-09-03 00:01:28
396,Shubarshi,48.59,57.19,69.33,73,0,10.36,KZ,2020-09-03 00:01:28
397,Skibotn,69.39,20.27,50.0,87,75,17.22,NO,2020-09-03 00:01:29
398,Kusa,55.34,59.44,40.41,88,75,4.81,RU,2020-09-03 00:01:29
399,La Palma,33.85,-118.05,82.99,48,1,6.93,US,2020-09-02 23:59:24
400,Dubrovnik,42.65,18.09,66.2,68,44,3.36,HR,2020-09-02 23:57:36
401,Poum,-20.23,164.02,70.5,62,5,8.08,NC,2020-09-03 00:01:30
402,Chuy,-33.7,-53.46,61.32,96,100,14.61,UY,2020-09-03 00:01:30
403,Vilyuysk,63.76,121.62,54.05,83,100,7.0,RU,2020-09-03 00:01:31
404,Ferrol,43.48,-8.24,64.0,93,0,2.24,ES,2020-09-03 00:01:31
405,Coihaique,-45.58,-72.07,44.6,70,75,5.82,CL,2020-09-03 00:01:31
406,Szentgotthard,46.95,16.27,55.99,97,1,1.92,HU,2020-09-03 00:00:21
407,Hay River,60.82,-115.8,57.2,58,40,9.17,CA,2020-09-03 00:01:32
408,Elesbao Veloso,-6.2,-42.14,80.51,28,0,7.65,BR,2020-09-03 00:01:32
409,Uyuni,-20.46,-66.83,44.82,33,0,18.32,BO,2020-09-03 00:01:32
410,Banyo,6.75,11.82,66.13,92,60,1.28,CM,2020-09-03 00:01:33
411,La Ronge,55.1,-105.28,59.0,51,75,18.34,CA,2020-09-03 00:01:33
412,Nagar Karnul,16.48,78.32,74.48,90,100,5.03,IN,2020-09-03 00:01:34
413,Cadolzburg,49.46,10.85,50.0,100,14,6.93,DE,2020-09-03 00:01:34
414,Torbay,47.67,-52.73,57.99,71,40,10.29,CA,2020-09-02 23:56:48
415,Tessalit,20.2,1.01,92.79,36,19,14.03,ML,2020-09-03 00:01:34
416,Yendi,9.44,-0.01,70.72,94,99,3.96,GH,2020-09-03 00:01:35
417,Turukhansk,65.82,87.98,48.07,79,42,4.03,RU,2020-09-03 00:01:35
418,Petilia Policastro,39.11,16.79,73.4,78,56,3.36,IT,2020-09-03 00:01:35
419,Abha,18.22,42.51,66.2,82,63,10.69,SA,2020-09-03 00:01:36
420,Sorland,67.67,12.69,57.0,71,89,20.67,NO,2020-09-03 00:01:36
421,Kavieng,-2.57,150.8,84.51,66,67,5.46,PG,2020-09-03 00:01:37
422,Yarada,17.65,83.27,78.8,100,75,2.24,IN,2020-09-03 00:01:38
423,Puerto Quijarro,-17.78,-57.77,77.23,39,5,4.65,BO,2020-09-03 00:01:38
424,Riyadh,24.69,46.72,89.6,25,21,3.36,SA,2020-09-02 23:59:19
425,Veraval,20.9,70.37,79.23,85,100,7.16,IN,2020-09-03 00:01:38
426,Porto Novo,6.5,2.6,75.61,89,70,8.7,BJ,2020-09-03 00:01:39
427,Chokurdakh,70.63,147.92,42.6,66,78,10.42,RU,2020-09-03 00:01:39
428,Iqaluit,63.75,-68.51,41.0,93,90,11.41,CA,2020-09-03 00:00:11
429,Little Current,45.98,-81.92,68.0,60,75,11.41,CA,2020-09-03 00:01:39
430,Sao Jose Da Coroa Grande,-8.9,-35.15,73.38,79,43,10.18,BR,2020-09-03 00:01:40
431,Torremolinos,36.62,-4.5,73.0,73,0,4.7,ES,2020-09-03 00:00:51
432,Usinsk,65.99,57.53,38.39,86,31,14.2,RU,2020-09-03 00:01:40
433,Pirgos,35.12,25.72,82.0,40,0,5.01,GR,2020-09-03 00:01:41
434,Leirvik,59.78,5.5,60.01,71,33,3.0,NO,2020-09-03 00:01:41
435,Aquiraz,-3.9,-38.39,78.8,78,10,12.75,BR,2020-09-03 00:01:41
436,Palu,-0.89,119.87,78.1,78,96,3.11,ID,2020-09-03 00:01:42
437,Iralaya,15.0,-83.23,79.99,82,100,7.43,HN,2020-09-03 00:01:42
438,Smithers,54.78,-127.17,59.0,67,90,3.36,CA,2020-09-03 00:01:42
439,Paita,-5.09,-81.11,62.31,80,0,19.64,PE,2020-09-03 00:01:42
440,Auki,-8.77,160.7,86.49,66,20,7.11,SB,2020-09-03 00:01:43
441,Severodvinsk,64.56,39.83,39.2,100,67,2.24,RU,2020-09-03 00:01:43
442,Natal,-5.79,-35.21,75.2,83,20,11.41,BR,2020-09-02 23:58:31
443,Corner Brook,48.97,-57.95,60.8,72,75,12.75,CA,2020-09-03 00:01:44
444,Pingliang,35.54,106.69,63.25,41,9,1.52,CN,2020-09-03 00:01:44
445,Samarai,-10.62,150.67,78.31,87,82,18.52,PG,2020-09-03 00:01:44
446,Kerrville,30.05,-99.14,82.99,74,40,6.93,US,2020-09-02 23:57:18
447,Zaltan,32.95,11.87,79.48,82,91,16.46,LY,2020-09-03 00:01:45
448,Liwale,-9.77,37.93,66.56,84,68,2.77,TZ,2020-09-03 00:01:45
449,Mollendo,-17.02,-72.01,58.33,84,97,9.06,PE,2020-09-03 00:01:45
450,Iguape,-24.71,-47.56,67.71,94,22,9.62,BR,2020-09-03 00:01:37
451,Balkanabat,39.51,54.37,76.59,21,0,3.98,TM,2020-09-03 00:01:46
452,Kushalgarh,23.2,74.45,76.5,88,97,4.03,IN,2020-09-03 00:01:46
453,Lai,9.4,16.3,73.04,92,100,3.13,TD,2020-09-03 00:01:47
454,Uttaradit,17.67,100.5,74.28,95,77,2.1,TH,2020-09-03 00:01:47
455,Buin,-33.73,-70.75,55.4,62,4,9.17,CL,2020-09-03 00:01:47
456,Petropavlovsk-Kamchatskiy,53.05,158.65,60.8,82,75,6.71,RU,2020-09-03 00:01:47
457,Nouadhibou,20.93,-17.03,73.4,78,0,6.93,MR,2020-09-03 00:01:48
458,Ushtobe,45.25,77.98,70.47,30,45,3.98,KZ,2020-09-03 00:01:48
459,Kizilskoye,52.73,58.89,50.49,74,40,12.15,RU,2020-09-03 00:01:48
460,Brae,60.4,-1.35,55.4,93,98,18.34,GB,2020-09-03 00:01:49
461,Puerto Escondido,15.85,-97.07,84.2,62,20,5.82,MX,2020-09-03 00:01:49
462,Haines Junction,60.75,-137.51,52.93,57,99,5.53,CA,2020-09-03 00:01:49
463,Nongpoh,25.9,91.88,80.6,100,75,2.91,IN,2020-09-03 00:01:50
464,Dingle,11.0,122.67,82.44,81,87,1.3,PH,2020-09-03 00:01:50
465,Yantai,37.53,121.4,74.28,65,0,20.8,CN,2020-09-03 00:01:50
466,Lasa,46.62,10.7,51.01,93,5,3.36,IT,2020-09-03 00:01:51
467,Bengkulu,-3.8,102.27,76.8,89,96,8.3,ID,2020-09-02 23:57:59
468,Marzuq,14.4,46.47,82.33,43,20,5.21,YE,2020-09-03 00:01:51
469,Yerbogachen,61.28,108.01,51.66,86,78,11.45,RU,2020-09-03 00:01:51
470,Cozumel,20.51,-86.95,86.0,70,75,12.75,MX,2020-09-02 23:58:47
471,Corinth,37.94,22.96,75.0,49,0,1.01,GR,2020-09-03 00:01:52
472,Netivot,31.42,34.59,80.01,75,0,1.01,IL,2020-09-03 00:01:52
473,Juba,4.85,31.58,70.03,95,59,2.21,SS,2020-09-03 00:01:53
474,Lhokseumawe,5.18,97.15,77.65,79,100,3.98,ID,2020-09-03 00:01:53
475,Mareeba,-17.0,145.43,81.0,65,90,11.41,AU,2020-09-03 00:01:53
476,Abu Samrah,35.3,37.18,77.52,62,8,5.41,SY,2020-09-03 00:01:54
477,Canon City,38.44,-105.24,89.6,17,1,10.29,US,2020-09-03 00:01:54
478,Moose Factory,51.26,-80.61,59.0,93,90,8.05,CA,2020-09-03 00:01:54
479,Methoni,36.82,21.7,78.01,68,0,5.82,GR,2020-09-03 00:01:55
480,Ampanihy,-24.7,44.75,54.03,76,0,9.31,MG,2020-09-03 00:01:55
481,Thohoyandou,-22.95,30.48,53.38,95,21,1.9,ZA,2020-09-03 00:01:55
482,Kaohsiung,22.62,120.31,82.99,83,75,5.82,TW,2020-09-03 00:01:56
483,Pochutla,15.74,-96.47,87.01,66,20,13.87,MX,2020-09-03 00:01:56
484,Quang Ngai,15.12,108.8,79.43,84,90,3.78,VN,2020-09-03 00:01:57
485,Gamba,-2.65,10.0,72.9,89,100,5.37,GA,2020-09-03 00:01:57
486,Janossomorja,47.79,17.14,57.99,89,18,1.05,HU,2020-09-03 00:01:57
487,Sarangani,5.4,125.46,84.87,71,99,10.4,PH,2020-09-03 00:01:58
488,Talen,23.57,76.72,76.1,86,100,3.04,IN,2020-09-03 00:01:58
489,Sahuaripa,29.05,-109.23,90.5,52,2,3.29,MX,2020-09-03 00:01:58
490,Juneau,58.3,-134.42,54.0,87,90,14.99,US,2020-09-03 00:00:29
491,Teius,46.2,23.68,62.6,87,63,3.36,RO,2020-09-03 00:01:59
492,Rawah,34.48,41.91,90.88,14,0,15.37,IQ,2020-09-03 00:01:59
493,Imperia,43.97,7.78,70.0,64,20,2.24,IT,2020-09-03 00:02:00
494,Gillette,44.29,-105.5,91.4,6,1,27.51,US,2020-09-03 00:02:00
495,Sanmenxia,34.77,111.18,70.48,40,0,2.53,CN,2020-09-03 00:02:00
496,Tura,25.52,90.22,73.09,95,10,3.33,IN,2020-09-03 00:02:00
497,Altamira,-3.2,-52.21,83.21,49,27,2.75,BR,2020-09-03 00:01:12
498,Sorgun,39.81,35.19,65.57,31,0,4.27,TR,2020-09-03 00:02:01
499,Bilibino,68.05,166.44,41.54,64,36,11.16,RU,2020-09-03 00:02:01
500,Te Anau,-45.42,167.72,51.46,61,14,1.88,NZ,2020-09-03 00:02:02
501,Kutulik,53.35,102.78,52.93,92,98,6.13,RU,2020-09-03 00:02:02
502,Aksu,41.12,80.26,73.89,26,75,2.04,CN,2020-09-03 00:02:02
503,Luwuk,-0.95,122.79,82.09,71,66,5.57,ID,2020-09-03 00:02:03
504,Qaqortoq,60.72,-46.03,46.4,45,11,2.24,GL,2020-09-03 00:02:03
505,Honiara,-9.43,159.95,91.4,63,40,2.24,SB,2020-09-02 23:59:20
506,Ransang,8.96,117.58,82.67,73,79,2.01,PH,2020-09-03 00:02:03
507,Tartus,34.89,35.89,78.8,83,2,4.7,SY,2020-09-03 00:02:04
508,Klaksvik,62.23,-6.59,51.8,100,77,11.41,FO,2020-09-03 00:02:04
509,Sverdlovskiy,55.91,38.15,59.0,87,2,6.71,RU,2020-09-03 00:02:04
510,Swindon,51.56,-1.78,61.0,93,90,13.87,GB,2020-09-03 00:01:23
511,Beringovskiy,63.05,179.32,47.97,60,9,6.96,RU,2020-09-03 00:02:05
512,Marsa Matruh,31.35,27.25,78.8,78,0,5.82,EG,2020-09-03 00:02:05
513,Faya,18.39,42.45,66.2,82,51,8.37,SA,2020-09-03 00:02:05
514,Turangi,-39.0,175.93,55.0,36,0,5.99,NZ,2020-09-03 00:02:06
515,Chapais,49.78,-74.85,55.4,93,90,6.93,CA,2020-09-03 00:02:06
516,Lubango,-14.92,13.49,65.41,44,23,1.28,AO,2020-09-03 00:02:06
517,Kursumlija,43.15,21.27,59.0,77,41,2.24,RS,2020-09-03 00:02:07
518,Gravdal,68.12,13.5,56.08,69,83,13.96,NO,2020-09-03 00:02:07
519,Margate,51.38,1.39,61.0,79,100,3.0,GB,2020-09-03 00:02:08
520,Portree,57.41,-6.19,57.0,91,74,15.99,GB,2020-09-03 00:02:08
521,Kawalu,-7.38,108.21,73.04,83,81,0.81,ID,2020-09-03 00:02:08
522,Grindavik,63.84,-22.43,46.4,87,75,19.46,IS,2020-09-03 00:02:09
523,Verkhoyansk,67.54,133.38,54.03,46,49,3.0,RU,2020-09-03 00:02:09
524,Ponnani,10.77,75.93,73.4,100,75,3.36,IN,2020-09-02 23:59:54
525,Kapoeta,4.77,33.59,75.45,54,18,3.15,SS,2020-09-03 00:02:10
526,Susangerd,31.56,48.18,93.2,26,0,2.24,IR,2020-09-03 00:02:10
527,Corrales,35.24,-106.61,88.0,11,1,6.93,US,2020-09-03 00:02:10
528,Japura,-0.32,102.35,74.34,95,93,2.51,ID,2020-09-03 00:02:10
529,Taoudenni,22.68,-3.98,96.49,25,53,10.69,ML,2020-09-03 00:02:11
530,Nizhniy Bestyakh,61.96,129.91,46.4,93,90,2.24,RU,2020-09-03 00:02:11
531,Buala,-8.14,159.59,85.05,73,15,9.62,SB,2020-09-03 00:02:11
532,Kamenka,51.32,42.77,61.0,68,0,13.2,RU,2020-09-03 00:02:12
533,Bagan,54.1,77.66,66.2,65,5,16.89,RU,2020-09-03 00:02:12
534,Solnechnyy,50.72,136.63,68.54,73,94,2.37,RU,2020-09-03 00:02:12
535,Roma,43.21,-75.46,75.2,83,90,8.05,US,2020-09-03 00:02:13
536,Danjiangkou,32.54,111.51,72.61,52,0,7.16,CN,2020-09-02 23:59:36
537,Rocha,-34.48,-54.33,61.18,95,100,12.37,UY,2020-09-03 00:02:13
538,Point Pedro,9.82,80.23,81.79,79,91,16.82,LK,2020-09-03 00:02:14
539,Nha Trang,12.25,109.18,84.2,83,40,2.24,VN,2020-09-03 00:02:06
540,Vaasa,63.1,21.62,53.01,87,0,3.36,FI,2020-09-03 00:02:14
541,Casma,-41.01,-73.12,50.0,76,99,3.36,CL,2020-09-03 00:02:15
542,San Carlos De Bariloche,-41.15,-71.31,42.8,75,75,13.87,AR,2020-09-03 00:00:46
543,Gazli,40.13,63.45,73.35,22,0,9.86,UZ,2020-09-03 00:02:15
544,Kirakira,-10.45,161.92,82.76,78,31,15.35,SB,2020-09-03 00:02:15
545,Gusau,12.16,6.66,72.1,90,94,5.84,NG,2020-09-03 00:02:16
546,Menomonie,44.88,-91.92,73.99,40,1,5.82,US,2020-09-03 00:02:16
547,Chik,54.99,82.43,68.0,68,41,13.42,RU,2020-09-03 00:02:16
548,Ketchikan,55.34,-131.65,55.4,93,90,11.41,US,2020-09-03 00:02:17
549,Safford,32.83,-109.71,98.6,19,1,16.11,US,2020-09-03 00:02:17
550,Caldwell,43.66,-116.69,93.2,21,1,4.7,US,2020-09-03 00:01:54
551,Mweka,-4.85,21.57,72.75,82,82,1.19,CD,2020-09-03 00:02:18
552,Anloga,5.79,0.9,77.0,88,40,11.41,GH,2020-09-03 00:02:20
553,Hailey,43.52,-114.32,87.8,14,5,12.75,US,2020-09-02 23:59:02
554,Peru,40.75,-86.07,78.8,69,1,9.17,US,2020-09-03 00:02:20
555,Nhulunbuy,-12.23,136.77,80.6,69,40,14.99,AU,2020-09-03 00:02:20
556,Naze,28.37,129.48,84.2,83,75,6.93,JP,2020-09-03 00:02:14
557,Manggar,-2.88,108.27,79.12,87,100,14.54,ID,2020-09-03 00:02:21
